0	5620347
1	522622365
2	316676844
3	96667759
4	41394105
5	14566448
6	7325721
7	4368807
8	3296109
9	2750746
10	2426629
11	2186995
12	2010210
13	1861246
14	1732690
15	1626880
16	1538454
17	1469213
18	1388645
19	1326777
20	1271212
21	1215736
22	1174785
23	1133984
24	1095403
25	1060682
26	1031279
27	999930
28	978885
29	955973
30	931297
31	912034
32	895339
33	878246
34	862135
35	849410
36	837155
37	820562
38	804835
39	796689
40	784365
41	770545
42	764293
43	756867
44	748733
45	739043
46	730177
47	721755
48	715400
49	705238
50	699235
51	691384
52	684678
53	677084
54	670787
55	663862
56	659004
57	650907
58	647280
59	639125
60	633378
61	624666
62	619656
63	611786
64	606277
65	600421
66	592533
67	588541
68	580821
69	574593
70	570094
71	564046
72	560487
73	552014
74	549854
75	541234
76	536917
77	531185
78	526955
79	520820
80	516373
81	511884
82	506419
83	502307
84	497092
85	490233
86	486508
87	479407
88	475888
89	470313
90	467313
91	461955
92	457897
93	453026
94	449395
95	445651
96	439855
97	435159
98	430740
99	426700
100	421262
101	416502
102	412258
103	409703
104	405734
105	401820
106	397765
107	393475
108	390369
109	385803
110	381815
111	377002
112	372246
113	370245
114	364387
115	362654
116	357629
117	355006
118	350951
119	347328
120	344484
121	341373
122	338052
123	334238
124	331573
125	327750
126	323774
127	320594
128	316691
129	311522
130	308438
131	305492
132	301127
133	298548
134	296119
135	292215
136	289049
137	285815
138	281747
139	279534
140	275864
141	272008
142	269731
143	265208
144	262644
145	259561
146	257264
147	254652
148	251794
149	249626
150	245285
151	244224
152	239332
153	236093
154	234045
155	230014
156	228009
157	224356
158	220870
159	218655
160	216669
161	214004
162	211153
163	208444
164	205260
165	203208
166	201000
167	197159
168	194908
169	192098
170	190062
171	186689
172	184825
173	182371
174	180130
175	176846
176	174443
177	171869
178	169570
179	167180
180	164405
181	163046
182	160683
183	159018
184	156063
185	153770
186	151456
187	149400
188	147787
189	145497
190	144292
191	141046
192	139086
193	137073
194	135670
195	133254
196	131498
197	128329
198	127255
199	125622
200	124209
201	122482
202	120301
203	118838
204	117471
205	115543
206	113899
207	112974
208	110394
209	109658
210	108001
211	106346
212	105407
213	103379
214	101735
215	100191
216	98769
217	97278
218	96133
219	95172
220	93363
221	92271
222	91645
223	89928
224	89140
225	87057
226	85862
227	84473
228	83446
229	82216
230	80736
231	79856
232	78974
233	77740
234	76323
235	75438
236	74888
237	73560
238	72513
239	71569
240	70480
241	69755
242	68031
243	67656
244	66527
245	65718
246	64097
247	63590
248	63047
249	62035
250	61679
251	61264
252	59996
253	58694
254	57772
255	57473
256	56619
257	55732
258	55471
259	54277
260	53922
261	53394
262	52757
263	51758
264	51282
265	50829
266	50184
267	49373
268	48839
269	48041
270	47485
271	47081
272	46379
273	45715
274	45510
275	44719
276	44831
277	43996
278	43207
279	42707
280	42509
281	41675
282	41003
283	40531
284	40317
285	40101
286	39603
287	38820
288	38437
289	38030
290	37446
291	37317
292	36701
293	36472
294	35985
295	35571
296	35385
297	35056
298	34520
299	34082
300	33402
301	33364
302	32966
303	33012
304	32211
305	31930
306	32147
307	31200
308	30740
309	30776
310	30368
311	30002
312	29761
313	29885
314	29367
315	28882
316	28505
317	27987
318	28079
319	27415
320	27509
321	26966
322	26669
323	26488
324	26015
325	25657
326	25758
327	25154
328	24757
329	24635
330	24412
331	23947
332	23698
333	23580
334	23184
335	23021
336	22732
337	22406
338	22156
339	22074
340	21999
341	21509
342	21509
343	21001
344	21037
345	20557
346	20627
347	20199
348	20230
349	19797
350	19239
351	19258
352	19253
353	18729
354	18644
355	18300
356	18335
357	17907
358	17901
359	17680
360	17473
361	17475
362	17260
363	16927
364	16641
365	16581
366	16426
367	16189
368	16077
369	15795
370	15692
371	15643
372	15337
373	15243
374	15028
375	14887
376	14582
377	14456
378	14078
379	13880
380	13729
381	13693
382	13632
383	13350
384	13440
385	13158
386	12879
387	12725
388	12766
389	12515
390	12346
391	12458
392	12017
393	11821
394	11572
395	11698
396	11449
397	11095
398	10917
399	11044
400	10797
401	10736
402	10648
403	10569
404	10369
405	10221
406	9982
407	9866
408	9611
409	9612
410	9554
411	9347
412	9464
413	9171
414	8870
415	8793
416	8745
417	8492
418	8443
419	8296
420	8390
421	8214
422	7999
423	7782
424	7706
425	7818
426	7644
427	7407
428	7309
429	7223
430	7071
431	7051
432	6829
433	6780
434	6815
435	6629
436	6584
437	6467
438	6373
439	6248
440	6351
441	6058
442	6098
443	5863
444	5937
445	5848
446	5800
447	5519
448	5511
449	5424
450	5413
451	5231
452	5309
453	5079
454	5136
455	4962
456	5074
457	4956
458	4728
459	4772
460	4749
461	4565
462	4515
463	4454
464	4346
465	4298
466	4301
467	4109
468	4152
469	4052
470	4011
471	3977
472	3839
473	3830
474	3756
475	3659
476	3612
477	3627
478	3598
479	3521
480	3365
481	3390
482	3493
483	3304
484	3212
485	3186
486	3111
487	3111
488	3128
489	3079
490	3001
491	3036
492	2898
493	2880
494	2924
495	2776
496	2819
497	2764
498	2711
499	2634
500	2656
501	2568
502	2552
503	2450
504	2531
505	2394
506	2371
507	2388
508	2360
509	2196
510	2224
511	2334
512	2317
513	2254
514	2264
515	2201
516	2102
517	2091
518	2048
519	2096
520	1929
521	1928
522	2017
523	1883
524	1811
525	1809
526	1815
527	1788
528	1754
529	1746
530	1768
531	1682
532	1716
533	1615
534	1620
535	1672
536	1550
537	1490
538	1474
539	1488
540	1446
541	1512
542	1459
543	1397
544	1406
545	1307
546	1432
547	1403
548	1374
549	1322
550	1309
551	1241
552	1289
553	1200
554	1270
555	1240
556	1195
557	1151
558	1250
559	1209
560	1198
561	1207
562	1190
563	1165
564	1096
565	1135
566	1075
567	1067
568	1059
569	1078
570	1016
571	992
572	1063
573	1014
574	982
575	975
576	993
577	982
578	925
579	906
580	957
581	935
582	917
583	901
584	906
585	851
586	905
587	847
588	796
589	829
590	821
591	780
592	812
593	774
594	768
595	790
596	766
597	727
598	752
599	769
600	728
601	732
602	731
603	720
604	701
605	656
606	703
607	678
608	693
609	669
610	655
611	679
612	641
613	633
614	633
615	632
616	596
617	643
618	598
619	554
620	619
621	644
622	588
623	560
624	592
625	534
626	547
627	560
628	578
629	506
630	518
631	599
632	521
633	507
634	584
635	538
636	514
637	531
638	492
639	490
640	552
641	513
642	496
643	490
644	497
645	491
646	517
647	470
648	504
649	434
650	468
651	437
652	502
653	458
654	487
655	464
656	446
657	411
658	480
659	452
660	444
661	444
662	485
663	430
664	399
665	439
666	449
667	435
668	393
669	382
670	414
671	423
672	367
673	385
674	389
675	385
676	406
677	379
678	378
679	374
680	379
681	357
682	362
683	382
684	407
685	348
686	321
687	346
688	363
689	316
690	347
691	340
692	353
693	336
694	350
695	312
696	341
697	335
698	342
699	360
700	288
701	320
702	328
703	333
704	302
705	321
706	301
707	312
708	322
709	291
710	312
711	301
712	264
713	331
714	284
715	311
716	272
717	257
718	311
719	292
720	258
721	264
722	254
723	257
724	238
725	248
726	282
727	229
728	216
729	261
730	244
731	244
732	267
733	249
734	237
735	221
736	249
737	248
738	257
739	244
740	230
741	234
742	202
743	227
744	225
745	189
746	219
747	207
748	206
749	189
750	213
751	198
752	214
753	200
754	210
755	226
756	220
757	218
758	220
759	234
760	213
761	206
762	222
763	186
764	194
765	199
766	187
767	204
768	168
769	194
770	208
771	180
772	183
773	186
774	162
775	178
776	173
777	163
778	166
779	170
780	137
781	178
782	173
783	170
784	164
785	170
786	171
787	166
788	162
789	159
790	163
791	158
792	154
793	180
794	150
795	152
796	157
797	163
798	152
799	186
800	180
801	153
802	163
803	182
804	161
805	156
806	158
807	167
808	158
809	157
810	128
811	166
812	133
813	124
814	164
815	144
816	121
817	157
818	130
819	127
820	126
821	127
822	143
823	125
824	130
825	133
826	130
827	124
828	156
829	118
830	151
831	139
832	135
833	126
834	128
835	135
836	124
837	113
838	135
839	113
840	140
841	116
842	120
843	136
844	147
845	119
846	114
847	128
848	111
849	130
850	114
851	98
852	129
853	104
854	106
855	113
856	122
857	95
858	124
859	102
860	96
861	114
862	120
863	94
864	126
865	117
866	125
867	109
868	114
869	122
870	99
871	101
872	91
873	110
874	104
875	106
876	109
877	111
878	108
879	102
880	107
881	112
882	92
883	98
884	100
885	113
886	101
887	108
888	105
889	95
890	109
891	120
892	109
893	104
894	85
895	94
896	96
897	95
898	95
899	95
900	116
901	81
902	73
903	85
904	101
905	80
906	73
907	77
908	79
909	81
910	84
911	84
912	87
913	63
914	73
915	92
916	72
917	75
918	63
919	71
920	88
921	70
922	59
923	69
924	56
925	77
926	49
927	74
928	53
929	67
930	69
931	76
932	74
933	70
934	80
935	63
936	58
937	58
938	66
939	72
940	53
941	65
942	69
943	75
944	61
945	71
946	62
947	65
948	66
949	82
950	57
951	76
952	77
953	65
954	68
955	53
956	71
957	67
958	66
959	65
960	68
961	66
962	53
963	53
964	60
965	55
966	60
967	66
968	51
969	43
970	52
971	59
972	68
973	48
974	58
975	68
976	56
977	61
978	47
979	49
980	44
981	54
982	56
983	48
984	49
985	49
986	59
987	51
988	43
989	63
990	59
991	55
992	46
993	57
994	56
995	60
996	44
997	50
998	53
999	59
1000	42
1001	61
1002	50
1003	55
1004	60
1005	48
1006	54
1007	48
1008	45
1009	49
1010	58
1011	55
1012	50
1013	63
1014	62
1015	48
1016	52
1017	44
1018	43
1019	33
1020	52
1021	64
1022	42
1023	43
1024	43
1025	51
1026	51
1027	50
1028	28
1029	37
1030	47
1031	40
1032	40
1033	50
1034	57
1035	49
1036	43
1037	31
1038	43
1039	31
1040	37
1041	39
1042	42
1043	48
1044	39
1045	43
1046	55
1047	41
1048	43
1049	46
1050	40
1051	36
1052	37
1053	55
1054	62
1055	48
1056	35
1057	52
1058	35
1059	34
1060	37
1061	50
1062	41
1063	41
1064	42
1065	40
1066	39
1067	36
1068	40
1069	33
1070	42
1071	41
1072	29
1073	35
1074	33
1075	35
1076	29
1077	43
1078	34
1079	29
1080	24
1081	23
1082	29
1083	37
1084	52
1085	27
1086	42
1087	37
1088	37
1089	36
1090	38
1091	30
1092	31
1093	38
1094	39
1095	25
1096	38
1097	42
1098	42
1099	47
1100	30
1101	33
1102	37
1103	46
1104	35
1105	35
1106	38
1107	31
1108	30
1109	23
1110	36
1111	32
1112	37
1113	30
1114	32
1115	33
1116	30
1117	26
1118	27
1119	23
1120	33
1121	37
1122	35
1123	23
1124	33
1125	34
1126	32
1127	18
1128	34
1129	26
1130	35
1131	20
1132	23
1133	20
1134	29
1135	21
1136	32
1137	31
1138	28
1139	26
1140	26
1141	22
1142	21
1143	29
1144	27
1145	23
1146	22
1147	23
1148	18
1149	23
1150	25
1151	32
1152	18
1153	19
1154	24
1155	17
1156	30
1157	18
1158	32
1159	20
1160	12
1161	24
1162	14
1163	17
1164	21
1165	23
1166	27
1167	19
1168	21
1169	20
1170	21
1171	21
1172	23
1173	20
1174	17
1175	30
1176	21
1177	23
1178	20
1179	24
1180	26
1181	25
1182	32
1183	26
1184	27
1185	25
1186	21
1187	14
1188	17
1189	29
1190	10
1191	25
1192	33
1193	27
1194	18
1195	16
1196	28
1197	30
1198	20
1199	18
1200	20
1201	20
1202	26
1203	21
1204	35
1205	20
1206	16
1207	27
1208	22
1209	22
1210	19
1211	23
1212	19
1213	29
1214	23
1215	14
1216	23
1217	22
1218	16
1219	26
1220	29
1221	18
1222	22
1223	18
1224	17
1225	18
1226	26
1227	11
1228	24
1229	18
1230	23
1231	21
1232	29
1233	12
1234	20
1235	11
1236	24
1237	23
1238	22
1239	12
1240	18
1241	21
1242	17
1243	16
1244	22
1245	20
1246	22
1247	17
1248	22
1249	24
1250	13
1251	11
1252	14
1253	23
1254	10
1255	21
1256	14
1257	18
1258	19
1259	21
1260	21
1261	16
1262	17
1263	15
1264	15
1265	21
1266	17
1267	19
1268	17
1269	16
1270	24
1271	21
1272	23
1273	21
1274	21
1275	18
1276	21
1277	18
1278	10
1279	12
1280	19
1281	11
1282	19
1283	21
1284	16
1285	17
1286	16
1287	19
1288	23
1289	20
1290	17
1291	15
1292	14
1293	19
1294	11
1295	13
1296	15
1297	21
1298	16
1299	15
1300	14
1301	16
1302	21
1303	18
1304	17
1305	23
1306	18
1307	16
1308	14
1309	17
1310	14
1311	13
1312	16
1313	8
1314	14
1315	18
1316	6
1317	15
1318	14
1319	19
1320	13
1321	15
1322	21
1323	17
1324	12
1325	17
1326	17
1327	16
1328	15
1329	14
1330	8
1331	10
1332	14
1333	12
1334	11
1335	7
1336	12
1337	6
1338	18
1339	18
1340	12
1341	13
1342	11
1343	10
1344	8
1345	12
1346	14
1347	11
1348	22
1349	15
1350	6
1351	14
1352	13
1353	9
1354	18
1355	16
1356	11
1357	14
1358	12
1359	11
1360	14
1361	12
1362	12
1363	9
1364	9
1365	11
1366	12
1367	8
1368	13
1369	18
1370	17
1371	10
1372	15
1373	9
1374	11
1375	11
1376	18
1377	10
1378	9
1379	15
1380	15
1381	12
1382	8
1383	8
1384	11
1385	6
1386	15
1387	8
1388	12
1389	8
1390	6
1391	17
1392	11
1393	14
1394	6
1395	13
1396	11
1397	15
1398	8
1399	12
1400	19
1401	13
1402	12
1403	14
1404	12
1405	15
1406	11
1407	16
1408	7
1409	8
1410	13
1411	7
1412	16
1413	6
1414	13
1415	8
1416	13
1417	11
1418	6
1419	5
1420	8
1421	17
1422	5
1423	11
1424	9
1425	5
1426	7
1427	8
1428	7
1429	9
1430	16
1431	14
1432	12
1433	6
1434	13
1435	8
1436	12
1437	10
1438	12
1439	9
1440	13
1441	14
1442	5
1443	15
1444	11
1445	7
1446	8
1447	12
1448	12
1449	4
1450	14
1451	10
1452	13
1453	7
1454	15
1455	12
1456	10
1457	12
1458	7
1459	7
1460	8
1461	14
1462	10
1463	5
1464	8
1465	10
1466	13
1467	8
1468	19
1469	8
1470	11
1471	10
1472	12
1473	7
1474	12
1475	8
1476	13
1477	10
1478	12
1479	4
1480	11
1481	10
1482	2
1483	15
1484	6
1485	11
1486	6
1487	6
1488	7
1489	14
1490	9
1491	11
1492	10
1493	8
1494	7
1495	8
1496	10
1497	10
1498	7
1499	7
1500	6
1501	15
1502	5
1503	11
1504	7
1505	15
1506	11
1507	7
1508	9
1509	13
1510	15
1511	14
1512	8
1513	14
1514	9
1515	16
1516	15
1517	10
1518	11
1519	14
1520	7
1521	10
1522	9
1523	9
1524	8
1525	5
1526	13
1527	13
1528	8
1529	5
1530	8
1531	8
1532	8
1533	9
1534	9
1535	6
1536	8
1537	4
1538	4
1539	7
1540	14
1541	9
1542	7
1543	10
1544	8
1545	1
1546	8
1547	12
1548	12
1549	11
1550	4
1551	9
1552	7
1553	12
1554	9
1555	10
1556	14
1557	11
1558	5
1559	10
1560	9
1561	9
1562	10
1563	13
1564	8
1565	15
1566	6
1567	9
1568	5
1569	5
1570	10
1571	5
1572	17
1573	8
1574	4
1575	9
1576	7
1577	18
1578	9
1579	14
1580	10
1581	10
1582	6
1583	8
1584	11
1585	2
1586	6
1587	16
1588	8
1589	5
1590	5
1591	5
1592	3
1593	8
1594	11
1595	7
1596	4
1597	10
1598	4
1599	10
1600	6
1601	6
1602	6
1603	8
1604	9
1605	9
1606	8
1607	10
1608	9
1609	9
1610	7
1611	3
1612	8
1613	8
1614	8
1615	9
1616	6
1617	6
1618	8
1619	11
1620	4
1621	6
1622	7
1623	11
1624	14
1625	5
1626	7
1627	3
1628	5
1629	4
1630	10
1631	8
1632	6
1633	8
1634	8
1635	8
1636	7
1637	7
1638	9
1639	3
1640	4
1641	7
1642	12
1643	14
1644	6
1645	8
1646	3
1647	4
1648	6
1649	4
1650	9
1651	12
1652	15
1653	10
1654	10
1655	10
1656	9
1657	8
1658	7
1659	5
1660	7
1661	7
1662	10
1663	6
1664	12
1665	12
1666	8
1667	9
1668	11
1669	6
1670	8
1671	6
1672	10
1673	7
1674	7
1675	8
1676	5
1677	5
1678	8
1679	6
1680	6
1681	6
1682	7
1683	10
1684	4
1685	4
1686	7
1687	1
1688	6
1689	8
1690	10
1691	6
1692	2
1693	8
1694	12
1695	4
1696	5
1697	6
1698	11
1699	6
1700	11
1701	5
1702	5
1703	5
1704	3
1705	3
1706	6
1707	9
1708	7
1709	5
1710	3
1711	7
1712	4
1713	9
1714	5
1715	4
1716	10
1717	6
1718	7
1719	9
1720	8
1721	7
1722	6
1723	6
1724	2
1726	3
1727	5
1728	4
1729	8
1730	4
1731	6
1732	3
1733	2
1734	8
1735	3
1736	5
1737	2
1738	4
1739	6
1740	1
1741	4
1742	4
1743	8
1744	5
1745	1
1746	2
1747	4
1748	5
1749	5
1750	4
1751	4
1752	4
1753	5
1754	5
1755	2
1756	2
1757	4
1758	3
1759	1
1760	1
1761	3
1762	5
1763	2
1764	5
1765	2
1766	6
1767	2
1768	3
1769	5
1770	3
1771	2
1772	4
1773	2
1774	5
1775	2
1776	2
1777	3
1778	4
1779	4
1780	4
1781	5
1782	4
1783	2
1784	3
1785	5
1786	3
1787	4
1788	2
1789	3
1790	3
1791	4
1793	3
1794	4
1795	6
1796	4
1797	7
1798	3
1799	5
1800	2
1801	3
1802	1
1803	4
1804	3
1805	5
1806	5
1807	2
1808	1
1809	6
1810	6
1811	4
1812	3
1814	6
1815	7
1816	5
1817	5
1818	4
1819	2
1821	3
1822	6
1823	5
1824	3
1826	4
1827	2
1828	6
1830	4
1831	4
1832	2
1833	2
1834	2
1836	2
1837	5
1838	3
1839	1
1840	3
1841	5
1842	5
1843	5
1844	3
1845	6
1846	2
1847	2
1848	3
1849	3
1850	4
1851	1
1852	3
1853	9
1854	2
1855	4
1856	2
1857	3
1858	1
1859	2
1860	3
1861	5
1862	4
1863	3
1864	3
1865	7
1866	4
1868	4
1869	4
1870	6
1872	1
1873	5
1874	3
1875	2
1876	3
1877	4
1878	5
1879	4
1880	3
1881	3
1882	6
1883	5
1884	2
1885	3
1886	3
1887	6
1888	9
1889	2
1890	7
1891	1
1892	7
1893	4
1894	2
1895	4
1896	4
1897	1
1898	1
1899	5
1900	4
1901	2
1902	6
1903	3
1904	5
1905	6
1906	3
1907	6
1908	2
1909	5
1910	6
1911	2
1913	6
1914	2
1915	3
1916	2
1917	2
1918	1
1919	4
1920	5
1921	5
1922	5
1923	3
1924	2
1927	3
1928	4
1929	3
1930	3
1931	6
1932	7
1933	3
1934	1
1935	3
1936	4
1938	1
1939	1
1940	3
1941	3
1942	4
1943	4
1944	5
1945	2
1946	3
1947	3
1948	3
1949	2
1950	6
1951	2
1952	5
1953	4
1954	3
1955	2
1956	4
1957	2
1958	6
1959	6
1960	3
1961	5
1962	5
1963	2
1964	3
1965	7
1966	1
1967	1
1968	5
1969	2
1971	2
1972	2
1973	2
1974	1
1975	4
1976	3
1977	1
1979	1
1980	1
1981	3
1982	3
1983	4
1984	1
1985	2
1986	1
1987	1
1988	2
1989	2
1990	1
1991	3
1992	2
1993	2
1994	1
1995	4
1996	1
1997	3
1998	3
1999	3
2002	5
2003	2
2004	2
2005	1
2006	2
2007	4
2008	5
2009	6
2010	2
2011	2
2012	3
2013	3
2014	3
2015	4
2016	4
2017	1
2018	4
2019	3
2020	2
2021	2
2022	1
2024	4
2025	3
2026	3
2027	2
2028	3
2029	1
2030	4
2031	3
2032	2
2033	2
2035	4
2036	4
2037	3
2038	4
2039	2
2041	4
2042	1
2043	6
2044	2
2045	4
2046	2
2047	3
2048	1
2049	1
2050	5
2051	3
2052	3
2053	2
2054	3
2055	3
2056	6
2057	6
2058	1
2059	4
2060	2
2061	2
2062	2
2063	1
2064	2
2065	4
2066	9
2067	1
2068	2
2070	5
2071	3
2072	6
2073	5
2074	1
2075	2
2076	4
2077	2
2078	3
2079	2
2081	3
2082	3
2083	7
2084	6
2085	3
2086	4
2087	7
2088	5
2089	3
2090	3
2091	1
2092	3
2093	3
2094	4
2095	1
2096	1
2097	2
2098	3
2099	5
2100	5
2101	1
2102	5
2103	4
2104	3
2105	2
2106	4
2107	3
2108	4
2109	2
2110	8
2111	7
2112	2
2113	3
2114	1
2115	2
2116	3
2117	3
2118	1
2119	4
2120	4
2121	5
2122	4
2123	4
2124	3
2125	8
2126	5
2127	2
2128	3
2129	8
2130	2
2131	2
2132	4
2133	3
2134	3
2135	4
2136	2
2137	3
2138	2
2139	1
2140	1
2141	3
2142	7
2143	4
2144	7
2145	3
2146	4
2147	4
2148	3
2149	4
2150	2
2151	4
2152	2
2153	2
2154	4
2155	2
2156	2
2158	4
2159	6
2160	9
2161	5
2162	4
2163	4
2164	5
2165	3
2166	8
2167	8
2168	3
2169	3
2170	4
2172	10
2173	2
2174	3
2175	4
2177	4
2178	6
2179	6
2180	4
2181	4
2183	4
2184	5
2185	4
2186	1
2187	6
2188	4
2189	1
2190	3
2191	3
2192	2
2193	4
2194	5
2195	2
2196	2
2197	3
2198	2
2199	3
2200	4
2201	5
2202	7
2203	2
2204	3
2205	3
2206	6
2207	1
2208	1
2209	8
2210	4
2211	4
2212	2
2213	6
2214	7
2215	6
2216	2
2217	3
2218	3
2219	5
2220	3
2221	4
2222	2
2223	4
2224	6
2225	5
2226	5
2228	3
2229	2
2230	2
2231	2
2232	4
2233	6
2234	5
2235	4
2236	3
2237	7
2238	3
2239	3
2240	3
2241	5
2242	3
2243	4
2244	7
2245	4
2246	4
2247	6
2248	4
2249	4
2250	10
2251	3
2252	3
2253	7
2254	4
2255	3
2256	6
2257	7
2258	4
2259	5
2260	1
2261	6
2262	4
2263	6
2264	10
2265	4
2266	7
2267	1
2268	3
2269	3
2270	3
2271	4
2272	5
2273	5
2274	6
2276	3
2277	7
2278	4
2279	3
2280	7
2281	5
2282	3
2283	7
2284	9
2285	3
2286	4
2287	5
2288	5
2289	5
2290	3
2291	7
2292	5
2293	4
2294	2
2295	7
2296	1
2297	2
2298	2
2299	4
2300	1
2301	4
2302	2
2303	5
2304	3
2305	4
2306	10
2307	5
2308	3
2309	3
2310	2
2311	1
2312	9
2313	2
2314	4
2315	5
2316	2
2317	2
2318	3
2319	3
2320	5
2321	4
2322	2
2323	8
2324	2
2325	4
2326	4
2327	4
2328	2
2329	3
2330	5
2331	9
2332	5
2335	3
2336	6
2337	3
2338	4
2339	2
2340	4
2341	3
2342	4
2343	7
2344	2
2345	4
2346	3
2347	4
2348	5
2349	6
2350	4
2351	5
2353	5
2354	2
2355	3
2356	4
2357	3
2358	2
2359	2
2360	5
2361	2
2362	5
2363	5
2364	3
2365	2
2366	4
2367	6
2368	4
2369	4
2370	6
2371	2
2372	6
2373	3
2374	7
2375	6
2376	1
2377	1
2378	1
2379	5
2380	2
2381	9
2382	3
2383	3
2384	5
2385	6
2386	1
2387	2
2388	4
2389	4
2390	2
2391	5
2392	5
2393	3
2394	7
2395	6
2396	4
2397	3
2400	4
2401	5
2402	5
2403	3
2404	4
2405	4
2406	4
2407	7
2408	7
2409	5
2410	5
2411	6
2412	4
2413	8
2414	5
2415	4
2416	2
2417	5
2418	6
2419	6
2420	3
2421	3
2422	4
2423	11
2424	4
2425	3
2426	3
2427	7
2428	5
2429	3
2430	5
2431	2
2432	3
2433	4
2434	4
2435	5
2436	3
2437	4
2439	4
2440	4
2441	7
2442	2
2443	4
2444	8
2445	8
2446	2
2447	5
2448	5
2449	6
2450	12
2451	5
2452	5
2453	3
2454	9
2455	2
2456	5
2457	5
2458	7
2459	4
2460	4
2461	5
2462	13
2463	2
2464	4
2465	2
2466	6
2467	5
2468	5
2469	5
2470	5
2471	4
2472	3
2473	2
2474	3
2475	2
2476	3
2477	2
2478	6
2479	6
2480	5
2481	3
2482	1
2483	1
2484	3
2485	6
2486	6
2487	5
2488	6
2489	4
2490	2
2491	4
2492	6
2493	7
2494	5
2495	2
2496	1
2497	1
2498	6
2499	2
2500	3
2501	4
2502	2
2503	4
2504	5
2505	3
2506	10
2507	6
2508	5
2509	5
2510	4
2511	3
2512	5
2513	4
2514	4
2515	6
2517	4
2518	3
2519	4
2520	7
2521	3
2522	7
2523	5
2524	6
2525	9
2526	7
2527	9
2528	3
2530	3
2531	5
2532	3
2533	2
2534	8
2535	7
2536	8
2537	4
2538	4
2539	7
2540	7
2541	2
2542	3
2543	3
2544	6
2545	5
2546	8
2547	2
2548	8
2549	4
2550	8
2551	4
2552	5
2553	7
2554	5
2555	1
2556	3
2557	2
2558	3
2559	5
2560	2
2561	4
2563	5
2564	5
2565	5
2566	3
2567	7
2568	5
2569	4
2570	2
2571	7
2572	3
2573	4
2574	2
2575	5
2576	3
2577	4
2578	8
2579	9
2580	6
2581	6
2582	8
2583	2
2584	4
2585	4
2586	3
2587	1
2588	3
2589	3
2590	2
2591	1
2592	4
2593	1
2594	4
2595	8
2596	3
2597	1
2598	3
2599	3
2600	3
2601	7
2602	2
2603	6
2604	5
2605	5
2606	4
2607	4
2608	6
2609	5
2610	2
2611	4
2612	2
2613	5
2614	8
2615	6
2616	4
2617	3
2618	6
2619	1
2620	1
2621	2
2622	3
2623	6
2624	1
2625	5
2626	4
2627	3
2628	2
2629	3
2630	4
2631	2
2632	3
2633	3
2634	3
2635	1
2636	2
2637	2
2638	2
2639	4
2641	6
2642	5
2643	7
2644	3
2645	4
2646	2
2647	2
2648	6
2649	4
2650	2
2651	3
2652	6
2653	7
2654	1
2655	2
2656	3
2657	7
2658	4
2659	1
2660	4
2661	1
2662	3
2663	3
2664	6
2665	6
2666	3
2667	4
2668	2
2669	5
2670	1
2671	7
2672	2
2673	6
2674	5
2675	2
2676	4
2677	2
2678	4
2679	1
2680	5
2681	7
2682	2
2683	4
2684	3
2685	2
2686	2
2687	6
2688	5
2689	2
2690	4
2691	4
2692	7
2693	3
2694	5
2695	5
2696	1
2697	3
2698	5
2699	3
2700	1
2701	5
2702	7
2703	3
2704	5
2705	5
2706	3
2707	5
2708	3
2709	2
2710	4
2711	2
2712	3
2713	4
2714	3
2715	1
2716	4
2717	6
2718	2
2719	3
2720	3
2721	3
2722	3
2723	3
2724	4
2725	3
2726	4
2727	3
2728	2
2729	3
2730	4
2732	5
2733	1
2734	3
2735	2
2736	2
2737	3
2738	3
2739	2
2740	4
2741	1
2742	4
2743	1
2744	1
2745	3
2746	2
2747	2
2748	2
2750	3
2751	1
2752	3
2753	7
2754	3
2755	4
2756	1
2758	1
2759	5
2760	3
2761	1
2762	1
2763	2
2764	2
2765	1
2766	3
2769	1
2771	2
2773	1
2774	3
2775	2
2777	1
2778	5
2779	3
2780	1
2782	1
2783	1
2784	1
2785	4
2786	1
2787	1
2788	2
2789	3
2790	4
2791	3
2792	1
2793	2
2794	2
2796	4
2797	4
2798	3
2799	1
2800	2
2801	3
2802	4
2803	1
2804	1
2805	2
2806	1
2807	3
2808	2
2809	3
2810	1
2811	5
2812	2
2813	1
2814	3
2815	1
2816	2
2817	2
2818	2
2819	3
2820	3
2821	1
2822	4
2823	2
2824	1
2825	1
2826	2
2827	1
2829	1
2830	1
2831	3
2833	2
2834	2
2835	4
2837	1
2839	2
2840	1
2841	1
2842	4
2843	2
2844	1
2845	2
2846	2
2847	3
2850	3
2851	2
2852	4
2853	1
2854	3
2856	1
2858	1
2859	1
2860	2
2862	2
2863	3
2865	1
2866	3
2867	1
2868	2
2869	3
2870	1
2871	2
2872	4
2873	1
2874	4
2875	3
2876	3
2877	3
2878	2
2879	4
2880	1
2881	1
2882	3
2883	1
2884	5
2885	3
2886	1
2887	1
2888	2
2889	2
2890	5
2891	3
2892	1
2893	1
2894	3
2895	2
2896	1
2897	2
2899	2
2900	1
2901	1
2902	3
2904	2
2905	1
2906	2
2907	1
2908	1
2909	3
2910	3
2911	1
2912	4
2913	1
2915	2
2916	2
2917	1
2918	2
2919	1
2920	2
2921	1
2922	2
2923	2
2924	1
2925	1
2927	1
2928	1
2931	1
2932	1
2935	2
2936	1
2937	1
2938	1
2939	3
2940	1
2941	2
2942	2
2944	2
2946	4
2947	2
2948	1
2949	5
2950	1
2951	3
2952	3
2954	1
2955	1
2956	4
2957	3
2959	2
2960	2
2961	2
2962	3
2963	2
2965	1
2966	5
2968	1
2969	2
2970	1
2971	5
2973	2
2974	2
2975	3
2976	2
2977	2
2978	2
2979	1
2981	1
2982	4
2983	4
2987	1
2988	3
2989	2
2991	3
2992	3
2994	5
2995	2
2997	2
2998	2
2999	2
3000	1
3001	2
3003	2
3005	5
3007	1
3008	1
3010	1
3012	4
3015	1
3016	4
3017	3
3019	2
3021	2
3024	1
3025	1
3027	2
3029	1
3030	2
3032	1
3033	2
3034	4
3035	1
3036	2
3037	1
3039	1
3040	1
3041	2
3042	5
3043	3
3044	2
3045	1
3048	2
3049	1
3050	1
3052	2
3053	2
3055	5
3057	1
3058	1
3059	2
3060	3
3062	2
3063	1
3064	3
3065	3
3067	1
3068	2
3069	2
3070	3
3072	2
3073	2
3074	1
3076	2
3077	3
3078	1
3079	2
3080	2
3081	2
3082	1
3083	3
3084	3
3085	2
3086	1
3087	2
3088	4
3089	1
3090	1
3092	4
3093	1
3094	2
3095	3
3096	2
3097	1
3098	1
3100	2
3102	1
3103	2
3104	2
3106	1
3108	2
3109	1
3110	1
3112	1
3113	2
3115	2
3119	3
3120	2
3121	1
3122	3
3124	1
3125	1
3126	1
3128	3
3129	1
3131	1
3132	1
3134	2
3135	1
3137	2
3138	1
3140	1
3141	2
3142	1
3144	1
3145	1
3146	1
3147	1
3148	1
3149	1
3151	1
3152	1
3153	3
3157	1
3160	1
3162	2
3164	2
3165	1
3166	1
3168	2
3170	1
3171	3
3172	1
3173	1
3175	3
3176	2
3177	1
3178	3
3180	1
3181	1
3182	1
3183	1
3184	1
3186	3
3190	1
3191	1
3192	1
3193	3
3194	1
3196	1
3197	2
3200	1
3201	1
3202	1
3205	3
3206	1
3208	1
3209	2
3210	1
3211	1
3214	2
3215	1
3218	1
3219	1
3220	2
3221	2
3222	2
3223	1
3224	1
3225	1
3226	2
3227	4
3228	1
3230	5
3232	2
3233	2
3235	1
3236	3
3237	2
3238	1
3239	1
3240	1
3241	2
3242	1
3243	2
3244	1
3246	1
3249	1
3250	3
3251	3
3253	3
3254	2
3255	1
3256	2
3257	1
3258	2
3260	2
3261	2
3262	2
3264	2
3265	1
3266	1
3268	2
3269	2
3271	2
3272	1
3273	1
3274	1
3278	3
3279	2
3280	2
3282	1
3284	1
3285	4
3286	1
3287	1
3288	1
3289	2
3290	1
3293	2
3297	2
3298	3
3299	2
3300	1
3301	2
3302	1
3303	1
3304	4
3306	2
3307	1
3313	1
3314	1
3316	1
3317	3
3318	2
3321	2
3323	2
3324	2
3326	1
3327	1
3329	2
3330	1
3331	1
3332	1
3333	5
3334	2
3335	3
3337	4
3338	3
3340	1
3341	1
3342	2
3343	1
3346	1
3347	1
3348	1
3350	1
3351	1
3352	3
3353	2
3354	1
3355	4
3356	2
3357	3
3358	1
3359	1
3363	1
3364	3
3365	1
3366	1
3368	1
3369	2
3370	2
3371	2
3372	1
3373	1
3374	2
3375	3
3376	2
3379	2
3380	1
3381	1
3382	1
3383	1
3384	1
3385	1
3386	2
3387	1
3388	2
3389	1
3390	2
3392	1
3394	3
3395	3
3396	2
3401	2
3406	2
3407	1
3408	3
3410	3
3411	1
3413	1
3414	2
3415	2
3416	1
3418	1
3420	2
3422	1
3423	1
3424	1
3425	1
3426	2
3427	1
3428	2
3430	2
3431	2
3432	2
3433	3
3434	2
3435	3
3438	2
3439	1
3442	2
3443	3
3444	1
3445	2
3448	4
3449	3
3450	1
3451	1
3452	2
3453	3
3454	1
3457	2
3458	3
3459	3
3460	1
3461	1
3463	2
3466	2
3467	1
3468	1
3469	2
3471	2
3472	1
3473	3
3474	2
3475	1
3478	2
3479	1
3480	1
3481	2
3482	4
3485	1
3486	2
3487	2
3489	1
3490	1
3491	1
3493	1
3494	5
3496	1
3498	1
3500	2
3502	3
3504	4
3505	2
3509	2
3510	3
3512	2
3513	2
3514	1
3515	4
3517	1
3518	1
3520	2
3521	1
3522	2
3523	3
3524	1
3526	3
3527	1
3528	2
3529	4
3530	2
3531	1
3532	2
3533	2
3535	1
3536	1
3537	1
3538	1
3540	2
3541	2
3542	3
3543	2
3544	3
3545	2
3546	1
3548	4
3549	1
3550	2
3551	1
3553	5
3555	2
3559	1
3560	1
3562	1
3563	2
3568	2
3570	3
3572	2
3573	1
3574	3
3575	1
3578	2
3579	1
3580	1
3581	1
3582	2
3583	2
3584	2
3586	1
3587	1
3589	1
3590	1
3592	3
3594	1
3596	2
3597	1
3598	2
3601	1
3602	1
3604	2
3606	2
3609	1
3610	2
3612	2
3616	1
3617	1
3618	1
3621	1
3624	1
3626	2
3630	1
3631	1
3632	1
3633	1
3634	1
3635	1
3636	1
3637	1
3638	1
3640	1
3641	1
3643	1
3649	1
3650	2
3652	1
3653	1
3656	1
3658	1
3661	1
3663	1
3664	1
3665	2
3669	2
3670	1
3671	1
3672	1
3675	1
3678	1
3679	2
3680	1
3682	1
3683	2
3684	1
3686	1
3688	2
3690	2
3691	1
3692	1
3693	1
3695	1
3697	2
3701	1
3705	1
3708	2
3709	1
3712	1
3713	1
3714	1
3716	1
3718	1
3719	1
3720	1
3721	1
3722	1
3725	2
3726	1
3727	2
3729	1
3730	1
3732	1
3733	1
3734	3
3735	1
3736	1
3737	1
3741	1
3742	3
3748	1
3751	1
3752	1
3753	1
3754	1
3755	2
3758	1
3759	1
3760	1
3761	2
3762	1
3764	2
3767	2
3770	1
3771	1
3772	1
3773	1
3774	1
3775	1
3777	1
3778	1
3779	1
3781	2
3783	1
3784	4
3785	1
3788	1
3789	1
3790	1
3791	1
3793	1
3798	1
3799	2
3801	1
3804	2
3809	2
3811	1
3813	1
3815	1
3823	1
3826	2
3828	1
3829	1
3831	2
3833	1
3835	3
3836	1
3840	1
3841	3
3842	1
3843	1
3844	1
3845	1
3847	2
3853	1
3855	1
3856	2
3857	2
3859	1
3865	1
3867	1
3872	1
3878	1
3879	3
3882	3
3883	3
3886	1
3887	1
3888	3
3889	1
3892	1
3894	3
3895	1
3896	2
3897	2
3898	1
3899	1
3901	1
3904	1
3906	1
3907	1
3909	2
3910	1
3911	2
3912	1
3913	1
3914	1
3916	1
3917	1
3918	1
3922	1
3924	1
3925	1
3927	1
3929	1
3934	2
3937	1
3938	3
3946	1
3948	1
3949	1
3951	2
3952	1
3953	1
3955	2
3958	2
3959	3
3960	1
3961	2
3962	1
3965	1
3973	2
3979	1
3980	1
3981	1
3984	1
3986	1
3989	1
3993	2
3994	1
3995	3
3998	2
4001	1
4004	1
4005	1
4006	1
4007	1
4011	1
4012	2
4013	1
4026	1
4028	1
4031	2
4032	1
4033	1
4040	1
4042	1
4043	2
4044	1
4046	1
4048	1
4054	1
4055	1
4058	2
4064	1
4065	2
4070	1
4071	2
4074	1
4075	1
4079	1
4080	1
4081	1
4084	1
4089	2
4091	2
4093	3
4095	3
4100	2
4105	1
4108	2
4109	1
4110	1
4119	1
4124	1
4128	1
4134	1
4139	1
4141	1
4143	2
4145	1
4147	1
4150	1
4154	1
4159	2
4161	1
4164	2
4166	1
4167	1
4172	1
4176	1
4181	1
4183	1
4184	1
4188	1
4189	1
4191	1
4193	1
4196	1
4198	1
4199	1
4200	1
4206	1
4208	1
4209	1
4214	1
4215	2
4216	1
4218	1
4227	2
4228	1
4230	1
4231	1
4233	1
4238	1
4240	3
4242	1
4245	1
4246	1
4248	1
4251	1
4253	3
4255	1
4256	1
4259	1
4260	1
4267	1
4268	1
4269	2
4271	1
4276	1
4277	1
4278	1
4280	1
4283	1
4284	1
4287	1
4290	1
4295	1
4296	1
4297	1
4298	1
4299	2
4306	1
4308	1
4311	1
4314	1
4318	1
4329	3
4333	1
4348	1
4351	1
4353	1
4355	1
4358	1
4361	1
4369	1
4387	2
4395	1
4396	1
4399	1
4400	1
4402	1
4404	1
4411	1
4418	1
4422	1
4423	1
4425	1
4432	1
4437	1
4441	1
4444	1
4445	1
4446	1
4455	1
4460	1
4468	1
4475	1
4486	1
4493	1
4494	1
4507	1
4513	1
4516	1
4517	2
4520	1
4534	1
4536	1
4543	1
4553	1
4560	1
4593	1
4599	1
4620	1
4635	1
4661	1
4690	1
4718	2
4738	1
4747	1
4756	1
4762	1
4771	1
4775	1
4779	1
4780	1
4784	1
4797	2
4812	1
4813	1
4818	1
4826	1
4846	1
4851	2
4852	1
4856	1
4879	1
4890	1
4893	1
4900	1
4922	1
4935	1
4976	2
4979	1
4987	1
4992	1
4998	1
4999	1
5000	1
5010	1
5013	1
5017	1
5018	2
5019	1
5022	1
5024	1
5031	1
5034	1
5042	1
5045	1
5046	1
5048	1
5050	1
5051	1
5052	1
5053	1
5054	1
5058	1
5060	2
5063	2
5071	1
5083	1
5085	1
5086	1
5094	1
5096	2
5098	1
5100	1
5103	1
5105	1
5107	1
5112	2
5114	1
5117	1
5119	1
5122	2
5123	1
5130	1
5132	1
5134	2
5141	2
5147	1
5148	1
5150	1
5168	1
5176	1
5190	1
5193	1
5196	1
5205	1
5212	1
5222	1
