stratum	type	truth	TP	FP	FN	precision	recall	F1
all	SNV	95584	92317	1741	3285	0.9815	0.9656	0.9735
all	INDEL	10929	8376	2829	2632	0.7475	0.7592	0.7533
homopolymer_ge7	SNV	1757	1624	42	146	0.9748	0.9169	0.9450
homopolymer_ge7	INDEL	3868	2774	2417	1162	0.5344	0.6996	0.6059
tandem_repeat_or_homopol	SNV	3665	3397	132	283	0.9626	0.9228	0.9423
tandem_repeat_or_homopol	INDEL	5368	3449	2669	2001	0.5637	0.6272	0.5938
not_tandem_repeat_or_homopol	SNV	91919	88920	1609	3002	0.9822	0.9673	0.9747
not_tandem_repeat_or_homopol	INDEL	5561	4927	160	631	0.9685	0.8865	0.9257
segdup	SNV	12140	10907	1256	1233	0.8967	0.8984	0.8976
segdup	INDEL	859	619	67	242	0.9023	0.7183	0.7999
low_mappability	SNV	5272	4381	835	894	0.8399	0.8304	0.8351
low_mappability	INDEL	330	203	39	125	0.8388	0.6212	0.7138
MHC	SNV	1937	1727	58	210	0.9675	0.8916	0.9280
MHC	INDEL	130	88	8	44	0.9167	0.6615	0.7685
all_difficult	SNV	29419	27600	1482	1837	0.9490	0.9376	0.9433
all_difficult	INDEL	6873	4666	2739	2287	0.6301	0.6672	0.6482
not_difficult	SNV	66165	64717	259	1448	0.9960	0.9781	0.9870
not_difficult	INDEL	4056	3710	90	345	0.9763	0.9149	0.9446
